{
    "KGS": [
        [
            5125000.0,
            1775352.0777580994,
            -4100000.0,
            0.0,
            -1025000.0,
            -1775352.0777580994,
            0.0,
            0.0
        ],
        [
            1775352.0777580994,
            3075000.0000000005,
            0.0,
            0.0,
            -1775352.0777580994,
            -3075000.0000000005,
            0.0,
            0.0
        ],
        [
            -4100000.0,
            0.0,
            6150000.0,
            0.0,
            -1025000.0,
            1775352.0777580994,
            -1025000.0,
            -1775352.0777580994
        ],
        [
            0.0,
            0.0,
            0.0,
            6150000.000000001,
            1775352.0777580994,
            -3075000.0000000005,
            -1775352.0777580994,
            -3075000.0000000005
        ],
        [
            -1025000.0,
            -1775352.0777580994,
            -1025000.0,
            1775352.0777580994,
            6150000.0,
            0.0,
            -4100000.0,
            0.0
        ],
        [
            -1775352.0777580994,
            -3075000.0000000005,
            1775352.0777580994,
            -3075000.0000000005,
            0.0,
            6150000.000000001,
            0.0,
            0.0
        ],
        [
            0.0,
            0.0,
            -1025000.0,
            -1775352.0777580994,
            -4100000.0,
            0.0,
            5125000.0,
            1775352.0777580994
        ],
        [
            0.0,
            0.0,
            -1775352.0777580994,
            -3075000.0000000005,
            0.0,
            0.0,
            1775352.0777580994,
            3075000.0000000005
        ]
    ],
    "KGS_CC": [
        [
            1.0,
            0.0,
            0.0,
            0.0,
            0.0,
            0.0,
            0.0,
            0.0
        ],
        [
            0.0,
            1.0,
            0.0,
            0.0,
            0.0,
            0.0,
            0.0,
            0.0
        ],
        [
            0.0,
            0.0,
            6150000.0,
            0.0,
            -1025000.0,
            1775352.0777580994,
            0.0,
            -1775352.0777580994
        ],
        [
            0.0,
            0.0,
            0.0,
            6150000.000000001,
            1775352.0777580994,
            -3075000.0000000005,
            0.0,
            -3075000.0000000005
        ],
        [
            0.0,
            0.0,
            -1025000.0,
            1775352.0777580994,
            6150000.0,
            0.0,
            0.0,
            0.0
        ],
        [
            0.0,
            0.0,
            1775352.0777580994,
            -3075000.0000000005,
            0.0,
            6150000.000000001,
            0.0,
            0.0
        ],
        [
            0.0,
            0.0,
            0.0,
            0.0,
            0.0,
            0.0,
            1.0,
            0.0
        ],
        [
            0.0,
            0.0,
            0.0,
            0.0,
            0.0,
            0.0,
            0.0,
            1.0
        ]
    ],
    "GForcesV": [
        0.0,
        0.0,
        0.0,
        0.0,
        -5.0,
        -10.0,
        0.0,
        0.0
    ],
    "GForcesV_CC": [
        0.0,
        0.0,
        0.0,
        0.0,
        -5.0,
        -10.0,
        0.0,
        -0.0001
    ],
    "NodalDisplacements": [
        0.0,
        0.0,
        -1.6719507681752737e-05,
        -7.104096321766612e-05,
        1.6908166874898165e-05,
        -3.231999173860669e-05,
        0.0,
        -0.0001
    ],
    "Elements": [
        {
            "id": 1,
            "Normal [kN]": -68.54998149518622
        },
        {
            "id": 2,
            "Normal [kN]": -80.09698687897875
        },
        {
            "id": 3,
            "Normal [kN]": -68.54998149518627
        },
        {
            "id": 4,
            "Normal [kN]": 68.54998149518617
        },
        {
            "id": 5,
            "Normal [kN]": -69.32348418708247
        }
    ],
    "Reactions": [
        {
            "id": 1,
            "Reactions": [
                108.5984749346756,
                69.36602540378446
            ]
        },
        {
            "id": 4,
            "Reactions": [
                -103.59847493467561,
                -59.36602540378449
            ]
        }
    ]
}