{
    "KGS": [
        [
            5125000.0,
            1775352.0777580994,
            -4100000.0,
            0.0,
            -1025000.0,
            -1775352.0777580994,
            0.0,
            0.0
        ],
        [
            1775352.0777580994,
            3075000.0000000005,
            0.0,
            0.0,
            -1775352.0777580994,
            -3075000.0000000005,
            0.0,
            0.0
        ],
        [
            -4100000.0,
            0.0,
            6150000.0,
            0.0,
            -1025000.0,
            1775352.0777580994,
            -1025000.0,
            -1775352.0777580994
        ],
        [
            0.0,
            0.0,
            0.0,
            6150000.000000001,
            1775352.0777580994,
            -3075000.0000000005,
            -1775352.0777580994,
            -3075000.0000000005
        ],
        [
            -1025000.0,
            -1775352.0777580994,
            -1025000.0,
            1775352.0777580994,
            6150000.0,
            0.0,
            -4100000.0,
            0.0
        ],
        [
            -1775352.0777580994,
            -3075000.0000000005,
            1775352.0777580994,
            -3075000.0000000005,
            0.0,
            6150000.000000001,
            0.0,
            0.0
        ],
        [
            0.0,
            0.0,
            -1025000.0,
            -1775352.0777580994,
            -4100000.0,
            0.0,
            5125000.0,
            1775352.0777580994
        ],
        [
            0.0,
            0.0,
            -1775352.0777580994,
            -3075000.0000000005,
            0.0,
            0.0,
            1775352.0777580994,
            3075000.0000000005
        ]
    ],
    "KGS_CC": [
        [
            1.0,
            0.0,
            0.0,
            0.0,
            0.0,
            0.0,
            0.0,
            0.0
        ],
        [
            0.0,
            3076000.0000000005,
            0.0,
            0.0,
            -1775352.0777580994,
            -3075000.0000000005,
            0.0,
            0.0
        ],
        [
            0.0,
            0.0,
            6150000.0,
            0.0,
            -1025000.0,
            1775352.0777580994,
            0.0,
            -1775352.0777580994
        ],
        [
            0.0,
            0.0,
            0.0,
            6150000.000000001,
            1775352.0777580994,
            -3075000.0000000005,
            0.0,
            -3075000.0000000005
        ],
        [
            0.0,
            -1775352.0777580994,
            -1025000.0,
            1775352.0777580994,
            6150000.0,
            0.0,
            0.0,
            0.0
        ],
        [
            0.0,
            -3075000.0000000005,
            1775352.0777580994,
            -3075000.0000000005,
            0.0,
            6150000.000000001,
            0.0,
            0.0
        ],
        [
            0.0,
            0.0,
            0.0,
            0.0,
            0.0,
            0.0,
            1.0,
            0.0
        ],
        [
            0.0,
            0.0,
            0.0,
            0.0,
            0.0,
            0.0,
            0.0,
            1.0
        ]
    ],
    "GForcesV": [
        0.0,
        0.0,
        0.0,
        0.0,
        -5.0,
        -10.0,
        0.0,
        0.0
    ],
    "GForcesV_CC": [
        0.0,
        0.0,
        0.0,
        0.0,
        -5.0,
        -10.0,
        0.0,
        -0.0001
    ],
    "NodalDisplacements": [
        0.0,
        -0.0001126071840970527,
        2.784628733583006e-06,
        -0.00010482311844678195,
        -2.5959695404375665e-06,
        -0.00011114502060654359,
        0.0,
        -0.0001
    ],
    "Elements": [
        {
            "id": 1,
            "Normal [kN]": 11.416977807690325
        },
        {
            "id": 2,
            "Normal [kN]": -0.13002757610227622
        },
        {
            "id": 3,
            "Normal [kN]": 11.416977807690333
        },
        {
            "id": 4,
            "Normal [kN]": -11.416977807690287
        },
        {
            "id": 5,
            "Normal [kN]": 10.643475115794022
        }
    ],
    "Reactions": [
        {
            "id": 1,
            "Reactions": [
                -11.351964019639187,
                0.1126071840970856
            ]
        },
        {
            "id": 4,
            "Reactions": [
                16.35196401963919,
                9.887392815902997
            ]
        }
    ]
}