{
    "KGS": [
        [
            5125000.0,
            1775352.0777580994,
            -4100000.0,
            0.0,
            -1025000.0,
            -1775352.0777580994,
            0.0,
            0.0
        ],
        [
            1775352.0777580994,
            3075000.0000000005,
            0.0,
            0.0,
            -1775352.0777580994,
            -3075000.0000000005,
            0.0,
            0.0
        ],
        [
            -4100000.0,
            0.0,
            6150000.0,
            0.0,
            -1025000.0,
            1775352.0777580994,
            -1025000.0,
            -1775352.0777580994
        ],
        [
            0.0,
            0.0,
            0.0,
            6150000.000000001,
            1775352.0777580994,
            -3075000.0000000005,
            -1775352.0777580994,
            -3075000.0000000005
        ],
        [
            -1025000.0,
            -1775352.0777580994,
            -1025000.0,
            1775352.0777580994,
            6150000.0,
            0.0,
            -4100000.0,
            0.0
        ],
        [
            -1775352.0777580994,
            -3075000.0000000005,
            1775352.0777580994,
            -3075000.0000000005,
            0.0,
            6150000.000000001,
            0.0,
            0.0
        ],
        [
            0.0,
            0.0,
            -1025000.0,
            -1775352.0777580994,
            -4100000.0,
            0.0,
            5125000.0,
            1775352.0777580994
        ],
        [
            0.0,
            0.0,
            -1775352.0777580994,
            -3075000.0000000005,
            0.0,
            0.0,
            1775352.0777580994,
            3075000.0000000005
        ]
    ],
    "KGS_CC": [
        [
            1.0,
            0.0,
            0.0,
            0.0,
            0.0,
            0.0,
            0.0,
            0.0
        ],
        [
            0.0,
            1.0,
            0.0,
            0.0,
            0.0,
            0.0,
            0.0,
            0.0
        ],
        [
            0.0,
            0.0,
            6150000.0,
            0.0,
            -1025000.0,
            1775352.0777580994,
            0.0,
            0.0
        ],
        [
            0.0,
            0.0,
            0.0,
            6150000.000000001,
            1775352.0777580994,
            -3075000.0000000005,
            0.0,
            0.0
        ],
        [
            0.0,
            0.0,
            -1025000.0,
            1775352.0777580994,
            6150000.0,
            0.0,
            0.0,
            0.0
        ],
        [
            0.0,
            0.0,
            1775352.0777580994,
            -3075000.0000000005,
            0.0,
            6150000.000000001,
            0.0,
            0.0
        ],
        [
            0.0,
            0.0,
            0.0,
            0.0,
            0.0,
            0.0,
            1.0,
            0.0
        ],
        [
            0.0,
            0.0,
            0.0,
            0.0,
            0.0,
            0.0,
            0.0,
            1.0
        ]
    ],
    "GForcesV": [
        0.0,
        0.0,
        0.0,
        0.0,
        -5.0,
        -10.0,
        0.0,
        0.0
    ],
    "GForcesV_CC": [
        0.0,
        0.0,
        0.0,
        0.0,
        -5.0,
        -10.0,
        0.0,
        0.0
    ],
    "NodalDisplacements": [
        0.0,
        0.0,
        6.010003939360377e-07,
        -1.0409632176661272e-06,
        -4.123412007906091e-07,
        -2.319991738606686e-06,
        0.0,
        0.0
    ],
    "Elements": [
        {
            "id": 1,
            "Normal [kN]": 2.4641016151377544
        },
        {
            "id": 2,
            "Normal [kN]": -9.082903768654761
        },
        {
            "id": 3,
            "Normal [kN]": 2.464101615137754
        },
        {
            "id": 4,
            "Normal [kN]": -2.464101615137755
        },
        {
            "id": 5,
            "Normal [kN]": 1.6905989232414973
        }
    ],
    "Reactions": [
        {
            "id": 1,
            "Reactions": [
                2.077350269189626,
                7.866025403784439
            ]
        },
        {
            "id": 4,
            "Reactions": [
                2.9226497308103743,
                2.1339745962155607
            ]
        }
    ]
}