{
    "KGS": [
        [
            410000.0,
            0.0,
            -410000.0,
            0.0,
            0.0,
            0.0,
            0.0,
            0.0
        ],
        [
            0.0,
            410000.0,
            0.0,
            0.0,
            0.0,
            0.0,
            0.0,
            -410000.0
        ],
        [
            -410000.0,
            0.0,
            554956.8901432422,
            -144956.8901432422,
            0.0,
            0.0,
            -144956.8901432422,
            144956.8901432422
        ],
        [
            0.0,
            0.0,
            -144956.8901432422,
            554956.8901432422,
            0.0,
            -410000.0,
            144956.8901432422,
            -144956.8901432422
        ],
        [
            0.0,
            0.0,
            0.0,
            0.0,
            410000.0,
            0.0,
            -410000.0,
            0.0
        ],
        [
            0.0,
            0.0,
            0.0,
            -410000.0,
            0.0,
            410000.0,
            0.0,
            0.0
        ],
        [
            0.0,
            0.0,
            -144956.8901432422,
            144956.8901432422,
            -410000.0,
            0.0,
            554956.8901432422,
            -144956.8901432422
        ],
        [
            0.0,
            -410000.0,
            144956.8901432422,
            -144956.8901432422,
            0.0,
            0.0,
            -144956.8901432422,
            554956.8901432422
        ]
    ],
    "KGS_CC": [
        [
            1.0,
            0.0,
            0.0,
            0.0,
            0.0,
            0.0,
            0.0,
            0.0
        ],
        [
            0.0,
            1.0,
            0.0,
            0.0,
            0.0,
            0.0,
            0.0,
            0.0
        ],
        [
            0.0,
            0.0,
            554956.8901432422,
            0.0,
            0.0,
            0.0,
            -144956.8901432422,
            144956.8901432422
        ],
        [
            0.0,
            0.0,
            0.0,
            1.0,
            0.0,
            0.0,
            0.0,
            0.0
        ],
        [
            0.0,
            0.0,
            0.0,
            0.0,
            410000.0,
            0.0,
            -410000.0,
            0.0
        ],
        [
            0.0,
            0.0,
            0.0,
            0.0,
            0.0,
            410000.0,
            0.0,
            0.0
        ],
        [
            0.0,
            0.0,
            -144956.8901432422,
            0.0,
            -410000.0,
            0.0,
            554956.8901432422,
            -144956.8901432422
        ],
        [
            0.0,
            0.0,
            144956.8901432422,
            0.0,
            0.0,
            0.0,
            -144956.8901432422,
            554956.8901432422
        ]
    ],
    "GForcesV": [
        0.0,
        0.0,
        0.0,
        0.0,
        -50.0,
        -100.0,
        0.0,
        0.0
    ],
    "GForcesV_CC": [
        0.0,
        0.0,
        0.0,
        0.0,
        -50.0,
        -100.0,
        0.0,
        0.0
    ],
    "NodalDisplacements": [
        0.0,
        0.0,
        -0.00012195121951219505,
        0.0,
        -0.0007107837957007547,
        -0.00024390243902439024,
        -0.0005888325761885596,
        -0.00012195121951219508
    ],
    "Elements": [
        {
            "id": 1,
            "Normal [kN]": -49.99999999999997
        },
        {
            "id": 2,
            "Normal [kN]": -100.0
        },
        {
            "id": 3,
            "Normal [kN]": -50.0
        },
        {
            "id": 4,
            "Normal [kN]": -49.999999999999986
        },
        {
            "id": 5,
            "Normal [kN]": 70.71067811865474
        }
    ],
    "Reactions": [
        {
            "id": 1,
            "Reactions": [
                49.99999999999997,
                49.999999999999986
            ]
        },
        {
            "id": 2,
            "Reactions": [
                0.0,
                50.000000000000014
            ]
        }
    ]
}