{
    "KGS": [
        [
            5125000.0,
            1775352.0777580994,
            -4100000.0,
            0.0,
            -1025000.0,
            -1775352.0777580994,
            0.0,
            0.0
        ],
        [
            1775352.0777580994,
            3075000.0000000005,
            0.0,
            0.0,
            -1775352.0777580994,
            -3075000.0000000005,
            0.0,
            0.0
        ],
        [
            -4100000.0,
            0.0,
            6150000.0,
            0.0,
            -1025000.0,
            1775352.0777580994,
            -1025000.0,
            -1775352.0777580994
        ],
        [
            0.0,
            0.0,
            0.0,
            6150000.000000001,
            1775352.0777580994,
            -3075000.0000000005,
            -1775352.0777580994,
            -3075000.0000000005
        ],
        [
            -1025000.0,
            -1775352.0777580994,
            -1025000.0,
            1775352.0777580994,
            6150000.0,
            0.0,
            -4100000.0,
            0.0
        ],
        [
            -1775352.0777580994,
            -3075000.0000000005,
            1775352.0777580994,
            -3075000.0000000005,
            0.0,
            6150000.000000001,
            0.0,
            0.0
        ],
        [
            0.0,
            0.0,
            -1025000.0,
            -1775352.0777580994,
            -4100000.0,
            0.0,
            5125000.0,
            1775352.0777580994
        ],
        [
            0.0,
            0.0,
            -1775352.0777580994,
            -3075000.0000000005,
            0.0,
            0.0,
            1775352.0777580994,
            3075000.0000000005
        ]
    ],
    "KGS_CC": [
        [
            1.0,
            0.0,
            0.0,
            0.0,
            0.0,
            0.0,
            0.0,
            0.0
        ],
        [
            0.0,
            3076000.0000000005,
            0.0,
            0.0,
            -1775352.0777580994,
            -3075000.0000000005,
            0.0,
            0.0
        ],
        [
            0.0,
            0.0,
            6150000.0,
            0.0,
            -1025000.0,
            1775352.0777580994,
            0.0,
            -1775352.0777580994
        ],
        [
            0.0,
            0.0,
            0.0,
            6150000.000000001,
            1775352.0777580994,
            -3075000.0000000005,
            0.0,
            -3075000.0000000005
        ],
        [
            0.0,
            -1775352.0777580994,
            -1025000.0,
            1775352.0777580994,
            6150000.0,
            0.0,
            0.0,
            0.0
        ],
        [
            0.0,
            -3075000.0000000005,
            1775352.0777580994,
            -3075000.0000000005,
            0.0,
            6150000.000000001,
            0.0,
            0.0
        ],
        [
            0.0,
            0.0,
            0.0,
            0.0,
            0.0,
            0.0,
            1.0,
            0.0
        ],
        [
            0.0,
            0.0,
            0.0,
            0.0,
            0.0,
            0.0,
            0.0,
            1.0
        ]
    ],
    "GForcesV": [
        -5.0,
        -10.0,
        0.0,
        0.0,
        -5.0,
        -10.0,
        0.0,
        0.0
    ],
    "GForcesV_CC": [
        0.0,
        -10.0,
        0.0,
        0.0,
        -5.0,
        -10.0,
        0.0,
        -0.0001
    ],
    "NodalDisplacements": [
        0.0,
        -0.00012884095033081891,
        5.596399525090926e-06,
        -0.00010969324831691183,
        -5.407740331945485e-06,
        -0.00012250865697017996,
        0.0,
        -0.0001
    ],
    "Elements": [
        {
            "id": 1,
            "Normal [kN]": 22.945238052872796
        },
        {
            "id": 2,
            "Normal [kN]": 11.398232669080146
        },
        {
            "id": 3,
            "Normal [kN]": 22.94523805287279
        },
        {
            "id": 4,
            "Normal [kN]": -22.94523805287278
        },
        {
            "id": 5,
            "Normal [kN]": 22.171735360976488
        }
    ],
    "Reactions": [
        {
            "id": 1,
            "Reactions": [
                -23.644354387412868,
                0.12884095033088627
            ]
        },
        {
            "id": 4,
            "Reactions": [
                33.64435438741288,
                19.871159049669224
            ]
        }
    ]
}